[
    {
        "name": "آبشار"
    },
    {
        "name": "آپادانا"
    },
    {
        "name": "آذربایجان"
    },
    {
        "name": "آذری"
    },
    {
        "name": "آرارات"
    },
    {
        "name": "آرژانتین"
    },
    {
        "name": "آریاشهر"
    },
    {
        "name": "آزاد شهر"
    },
    {
        "name": "آزادی"
    },
    {
        "name": "آسمانها"
    },
    {
        "name": "آشتیانی"
    },
    {
        "name": "آگاهی"
    },
    {
        "name": "آلستوم"
    },
    {
        "name": "آهنگ"
    },
    {
        "name": "آهنگران"
    },
    {
        "name": "آیت الله کاشانی"
    },
    {
        "name": "اباذر"
    },
    {
        "name": "ابراهیم آباد"
    },
    {
        "name": "ابوذر"
    },
    {
        "name": "اتابک"
    },
    {
        "name": "احتشامیه"
    },
    {
        "name": "اراج"
    },
    {
        "name": "اراضی عباس آباد"
    },
    {
        "name": "ارامنه"
    },
    {
        "name": "ارگ - پامنار"
    },
    {
        "name": "ارم"
    },
    {
        "name": "ازگل"
    },
    {
        "name": "استاد حسن بنا"
    },
    {
        "name": "استاد معین"
    },
    {
        "name": "استخر"
    },
    {
        "name": "اسفندیاری و بستان"
    },
    {
        "name": "اسکندری"
    },
    {
        "name": "اسلام آباد"
    },
    {
        "name": "اسماعیل آباد"
    },
    {
        "name": "افسریه"
    },
    {
        "name": "اقدسیه"
    },
    {
        "name": "اکباتان"
    },
    {
        "name": "المهدی"
    },
    {
        "name": "امام حسین"
    },
    {
        "name": "امام زاده حسن"
    },
    {
        "name": "امام زاده عبدالله"
    },
    {
        "name": "امام زاده قاسم"
    },
    {
        "name": "امامت"
    },
    {
        "name": "امامزاده یحیی"
    },
    {
        "name": "امانیه"
    },
    {
        "name": "امجدیه"
    },
    {
        "name": "امید دژبان"
    },
    {
        "name": "امیرآباد"
    },
    {
        "name": "امیریه"
    },
    {
        "name": "امین آباد"
    },
    {
        "name": "امین حضور"
    },
    {
        "name": "انبار نفت"
    },
    {
        "name": "اندرزگو"
    },
    {
        "name": "اندیشه"
    },
    {
        "name": "انقلاب"
    },
    {
        "name": "اوقاف"
    },
    {
        "name": "اوین"
    },
    {
        "name": "ایران"
    },
    {
        "name": "ایران خودرو"
    },
    {
        "name": "ایرانشهر"
    },
    {
        "name": "ایوانک"
    },
    {
        "name": "باروت کوبی"
    },
    {
        "name": "بازار"
    },
    {
        "name": "باشگاه نفت"
    },
    {
        "name": "باغ آذری"
    },
    {
        "name": "باغ خزانه"
    },
    {
        "name": "باغ صبا - سهروردی"
    },
    {
        "name": "باغ فردوس"
    },
    {
        "name": "باغ فیض"
    },
    {
        "name": "باقرخان"
    },
    {
        "name": "بروجردی"
    },
    {
        "name": "بریانک"
    },
    {
        "name": "بلوار ارتش"
    },
    {
        "name": "بلوار کاوه"
    },
    {
        "name": "بلوار کشاورز"
    },
    {
        "name": "بلورسازی"
    },
    {
        "name": "بوستان ولایت"
    },
    {
        "name": "بهار"
    },
    {
        "name": "بهاران"
    },
    {
        "name": "بهارستان"
    },
    {
        "name": "بهجت آباد"
    },
    {
        "name": "بهداشت"
    },
    {
        "name": "بهرود"
    },
    {
        "name": "بهمنیار"
    },
    {
        "name": "بی سیم"
    },
    {
        "name": "بیمه"
    },
    {
        "name": "پارک آزادگان"
    },
    {
        "name": "پارک شهر"
    },
    {
        "name": "پارک لاله"
    },
    {
        "name": "پارک وی"
    },
    {
        "name": "پاسداران"
    },
    {
        "name": "پردیسان"
    },
    {
        "name": "پرستار"
    },
    {
        "name": "پل رومی"
    },
    {
        "name": "پلیس"
    },
    {
        "name": "پونک"
    },
    {
        "name": "پیامبر"
    },
    {
        "name": "پیروزی"
    },
    {
        "name": "پیکان شهر"
    },
    {
        "name": "تاکسیرانی"
    },
    {
        "name": "تجریش"
    },
    {
        "name": "تختی"
    },
    {
        "name": "تسلیحات"
    },
    {
        "name": "تقی آباد"
    },
    {
        "name": "توحید"
    },
    {
        "name": "تولید دارو"
    },
    {
        "name": "تهران نو"
    },
    {
        "name": "تهران ویلا"
    },
    {
        "name": "تهرانپارس"
    },
    {
        "name": "تهرانسر"
    },
    {
        "name": "تیموری"
    },
    {
        "name": "جابری"
    },
    {
        "name": "جاده مخصوص"
    },
    {
        "name": "جردن"
    },
    {
        "name": "جلیلی"
    },
    {
        "name": "جماران"
    },
    {
        "name": "جمالزاده - حشمت الدوله"
    },
    {
        "name": "جمشیدیه"
    },
    {
        "name": "جمهوری"
    },
    {
        "name": "جنت آباد"
    },
    {
        "name": "جوادیه"
    },
    {
        "name": "جوانمرد قصاب"
    },
    {
        "name": "جهاد"
    },
    {
        "name": "جیحون"
    },
    {
        "name": "چوب تراش"
    },
    {
        "name": "چهارراه ولیعصر"
    },
    {
        "name": "چهارصد دستگاه"
    },
    {
        "name": "چیتگر"
    },
    {
        "name": "چیذر"
    },
    {
        "name": "حافظ"
    },
    {
        "name": "حافظیه"
    },
    {
        "name": "حسن آباد"
    },
    {
        "name": "حسین آباد - مبارک آباد"
    },
    {
        "name": "حسینی - فردوس"
    },
    {
        "name": "حشمتیه"
    },
    {
        "name": "حصاربوعلی"
    },
    {
        "name": "حصارک"
    },
    {
        "name": "حکمت - دزاشیب"
    },
    {
        "name": "حکیمیه"
    },
    {
        "name": "حمزه آباد"
    },
    {
        "name": "خاک سفید"
    },
    {
        "name": "خانی آباد"
    },
    {
        "name": "خانی آباد نو"
    },
    {
        "name": "خاوران"
    },
    {
        "name": "خاورشهر"
    },
    {
        "name": "خرمشهر"
    },
    {
        "name": "خزانه"
    },
    {
        "name": "خلیج فارس"
    },
    {
        "name": "خواجه عبدالله انصاری"
    },
    {
        "name": "خواجه نصیر - حقوقی"
    },
    {
        "name": "خواجه نظام"
    },
    {
        "name": "خیابان تختی - تولید دارو"
    },
    {
        "name": "خیابان ری"
    },
    {
        "name": "خیابان قزوین"
    },
    {
        "name": "داراباد"
    },
    {
        "name": "دامپزشکی"
    },
    {
        "name": "داوودیه"
    },
    {
        "name": "دبستان"
    },
    {
        "name": "دربند"
    },
    {
        "name": "درختی"
    },
    {
        "name": "دردشت"
    },
    {
        "name": "درکه"
    },
    {
        "name": "دروازه دولت"
    },
    {
        "name": "دروازه شمیران"
    },
    {
        "name": "دروس"
    },
    {
        "name": "دریا"
    },
    {
        "name": "دریاچه"
    },
    {
        "name": "دریاچه خلیج فارس"
    },
    {
        "name": "دریان نو"
    },
    {
        "name": "دژکام"
    },
    {
        "name": "دستغیب"
    },
    {
        "name": "دکتر هوشیار"
    },
    {
        "name": "دلاوران"
    },
    {
        "name": "دولاب"
    },
    {
        "name": "دولت (شهید کلاهدوز)"
    },
    {
        "name": "دولت اباد"
    },
    {
        "name": "دولتخواه"
    },
    {
        "name": "ده ونک"
    },
    {
        "name": "دهقان"
    },
    {
        "name": "دهکده المپیک"
    },
    {
        "name": "دیباجی"
    },
    {
        "name": "دیلمان"
    },
    {
        "name": "دیلمان جنوبی"
    },
    {
        "name": "راه آهن"
    },
    {
        "name": "رسالت"
    },
    {
        "name": "رستم آباد"
    },
    {
        "name": "رستم آباد- اختیاریه"
    },
    {
        "name": "رستم آباد- فرمانیه"
    },
    {
        "name": "زاهد گیلانی"
    },
    {
        "name": "زرکش"
    },
    {
        "name": "زرگنده"
    },
    {
        "name": "زعفرانیه"
    },
    {
        "name": "زمزم"
    },
    {
        "name": "زنجان"
    },
    {
        "name": "زهتابی"
    },
    {
        "name": "زیبادشت"
    },
    {
        "name": "زینبیه"
    },
    {
        "name": "سازمان آب"
    },
    {
        "name": "سازمان برنامه"
    },
    {
        "name": "ساعی - توانیر"
    },
    {
        "name": "سبلان"
    },
    {
        "name": "سپهر"
    },
    {
        "name": "ستارخان"
    },
    {
        "name": "سجاد"
    },
    {
        "name": "سرتخت"
    },
    {
        "name": "سرخه حصار"
    },
    {
        "name": "سردار جنگل"
    },
    {
        "name": "سرسبز"
    },
    {
        "name": "سرسبیل"
    },
    {
        "name": "سعادت آباد"
    },
    {
        "name": "سعد آباد"
    },
    {
        "name": "سلامت (دخانیات)"
    },
    {
        "name": "سلسبیل"
    },
    {
        "name": "سلیمانی - تیموری"
    },
    {
        "name": "سنایی"
    },
    {
        "name": "سنگلج"
    },
    {
        "name": "سولقان"
    },
    {
        "name": "سوهانک"
    },
    {
        "name": "سهروردی"
    },
    {
        "name": "سی متری جی"
    },
    {
        "name": "سیدخندان"
    },
    {
        "name": "سیزده آبان"
    },
    {
        "name": "شاپور"
    },
    {
        "name": "شادآباد"
    },
    {
        "name": "شادمان"
    },
    {
        "name": "شادمهر"
    },
    {
        "name": "شارق"
    },
    {
        "name": "شاهین"
    },
    {
        "name": "شبیری - جی"
    },
    {
        "name": "شریعتی"
    },
    {
        "name": "شکوفه"
    },
    {
        "name": "شکیبا"
    },
    {
        "name": "شمس آباد (مجیدیه شمالی)"
    },
    {
        "name": "شمشیری"
    },
    {
        "name": "شمیران نو"
    },
    {
        "name": "شورا"
    },
    {
        "name": "شوش"
    },
    {
        "name": "شهادت"
    },
    {
        "name": "شهر زیبا"
    },
    {
        "name": "شهرآرا"
    },
    {
        "name": "شهرابی"
    },
    {
        "name": "شهران"
    },
    {
        "name": "شهران"
    },
    {
        "name": "شهرک ۲۲بهمن"
    },
    {
        "name": "شهرک آزادی"
    },
    {
        "name": "شهرک آزمایش"
    },
    {
        "name": "شهرک آسمان"
    },
    {
        "name": "شهرک ابوذر"
    },
    {
        "name": "شهرک ارغوان"
    },
    {
        "name": "شهرک استقلال"
    },
    {
        "name": "شهرک البرز"
    },
    {
        "name": "شهرک امام خمینی"
    },
    {
        "name": "شهرک امید"
    },
    {
        "name": "شهرک امیرالمومنین"
    },
    {
        "name": "شهرک انصار"
    },
    {
        "name": "شهرک بخارایی"
    },
    {
        "name": "شهرک بعثت"
    },
    {
        "name": "شهرک بوعلی"
    },
    {
        "name": "شهرک پارس"
    },
    {
        "name": "شهرک پاسداران"
    },
    {
        "name": "شهرک پرواز"
    },
    {
        "name": "شهرک تختی"
    },
    {
        "name": "شهرک چشمه"
    },
    {
        "name": "شهرک دانشگاه تهران"
    },
    {
        "name": "شهرک دانشگاه صنعتی شریف"
    },
    {
        "name": "شهرک دریا"
    },
    {
        "name": "شهرک رسالت"
    },
    {
        "name": "شهرک رضویه"
    },
    {
        "name": "شهرک ژاندارمری"
    },
    {
        "name": "شهرک سرو آزاد  (آزادشهر)"
    },
    {
        "name": "شهرک شاهین"
    },
    {
        "name": "شهرک شریعتی"
    },
    {
        "name": "شهرک شریفی"
    },
    {
        "name": "شهرک شهربانی"
    },
    {
        "name": "شهرک شهرداری"
    },
    {
        "name": "شهرک شهید باقری"
    },
    {
        "name": "شهرک صاحب الزمان"
    },
    {
        "name": "شهرک صدرا"
    },
    {
        "name": "شهرک صنعتی سالاریه\r\n"
    },
    {
        "name": "شهرک صنعتی شمس آباد"
    },
    {
        "name": "شهرک صنعتی عباس آباد"
    },
    {
        "name": "شهرک طالقانی"
    },
    {
        "name": "شهرک عباسپور"
    },
    {
        "name": "شهرک عباسی"
    },
    {
        "name": "شهرک غرب (شهرک قدس)"
    },
    {
        "name": "شهرک غزالی"
    },
    {
        "name": "شهرک فاطمه الزهرا"
    },
    {
        "name": "شهرک فردوس"
    },
    {
        "name": "شهرک فرهنگیان"
    },
    {
        "name": "شهرک کمالی"
    },
    {
        "name": "شهرک کوهسار"
    },
    {
        "name": "شهرک کیانشهر"
    },
    {
        "name": "شهرک گلستان (شهرک راه آهن)"
    },
    {
        "name": "شهرک گلها"
    },
    {
        "name": "شهرک محلاتی"
    },
    {
        "name": "شهرک مخابرات"
    },
    {
        "name": "شهرک مسلمین"
    },
    {
        "name": "شهرک نفت"
    },
    {
        "name": "شهرک نمونه"
    },
    {
        "name": "شهرک والفجر"
    },
    {
        "name": "شهرک ولیعصر"
    },
    {
        "name": "شهرک ویلاشهر"
    },
    {
        "name": "شهرک هجرت"
    },
    {
        "name": "شهرک هما"
    },
    {
        "name": "شهید اسدی"
    },
    {
        "name": "شهید رجایی"
    },
    {
        "name": "شهید غیوری - ابن باویه"
    },
    {
        "name": "شهید کاظمی"
    },
    {
        "name": "شهید هرندی"
    },
    {
        "name": "شیخ الرئیس"
    },
    {
        "name": "شیخ بهایی"
    },
    {
        "name": "شیخ هادی"
    },
    {
        "name": "شیراز"
    },
    {
        "name": "شیوا"
    },
    {
        "name": "صاحب الزمان"
    },
    {
        "name": "صاحبقرانیه"
    },
    {
        "name": "صادقیه"
    },
    {
        "name": "صد دستگاه"
    },
    {
        "name": "صدر"
    },
    {
        "name": "صفا"
    },
    {
        "name": "صفاییه"
    },
    {
        "name": "ضرابخانه"
    },
    {
        "name": "طالقانی"
    },
    {
        "name": "طرشت"
    },
    {
        "name": "طیب"
    },
    {
        "name": "ظفر"
    },
    {
        "name": "ظهیر آباد"
    },
    {
        "name": "عباس آباد (بهشتی)"
    },
    {
        "name": "عباسی"
    },
    {
        "name": "عبدل آباد"
    },
    {
        "name": "عشرت آباد"
    },
    {
        "name": "علایین"
    },
    {
        "name": "علم و صنعت"
    },
    {
        "name": "علی آباد"
    },
    {
        "name": "فاطمی"
    },
    {
        "name": "فتح - صنعتی"
    },
    {
        "name": "فدک"
    },
    {
        "name": "فرجام"
    },
    {
        "name": "فرح آباد"
    },
    {
        "name": "فرحزاد"
    },
    {
        "name": "فردوس"
    },
    {
        "name": "فردوسی"
    },
    {
        "name": "فرزانه"
    },
    {
        "name": "فرشته - الهیه"
    },
    {
        "name": "فرمانیه"
    },
    {
        "name": "فروزش"
    },
    {
        "name": "فروزش- امیربهادر"
    },
    {
        "name": "فلاح"
    },
    {
        "name": "فلسطین"
    },
    {
        "name": "فیروزآبادی"
    },
    {
        "name": "قاسم آباد"
    },
    {
        "name": "قائم"
    },
    {
        "name": "قائم مقام"
    },
    {
        "name": "قبا"
    },
    {
        "name": "قزل قلعه"
    },
    {
        "name": "قصر"
    },
    {
        "name": "قصر فیروزه"
    },
    {
        "name": "قصرالدشت"
    },
    {
        "name": "قلمستان - برادران جوادیان"
    },
    {
        "name": "قلهک"
    },
    {
        "name": "قنات کوثر"
    },
    {
        "name": "قیام"
    },
    {
        "name": "قیام دشت"
    },
    {
        "name": "قیطریه"
    },
    {
        "name": "کاج"
    },
    {
        "name": "کاروان"
    },
    {
        "name": "کارون"
    },
    {
        "name": "کاشانک"
    },
    {
        "name": "کاظم آباد"
    },
    {
        "name": "کالاد"
    },
    {
        "name": "کامرانیه"
    },
    {
        "name": "کاووسیه"
    },
    {
        "name": "کرمان"
    },
    {
        "name": "کریم آباد"
    },
    {
        "name": "کریمخان زند"
    },
    {
        "name": "کن"
    },
    {
        "name": "کوثر"
    },
    {
        "name": "کوهسار"
    },
    {
        "name": "کوهک"
    },
    {
        "name": "کوی اسلام"
    },
    {
        "name": "کوی بیمه"
    },
    {
        "name": "کوی دانشگاه"
    },
    {
        "name": "کوی فردوس"
    },
    {
        "name": "کوی هفده شهریور"
    },
    {
        "name": "کیانشهر"
    },
    {
        "name": "گاندی"
    },
    {
        "name": "گرگان"
    },
    {
        "name": "گلاب دره"
    },
    {
        "name": "گلچین"
    },
    {
        "name": "گلستان"
    },
    {
        "name": "گمرک"
    },
    {
        "name": "گیشا"
    },
    {
        "name": "گیشا (کوی نصر)"
    },
    {
        "name": "لاله زار"
    },
    {
        "name": "لشکر"
    },
    {
        "name": "لویزان - شیان"
    },
    {
        "name": "مجیدآباد"
    },
    {
        "name": "مجیدیه"
    },
    {
        "name": "محمودیه"
    },
    {
        "name": "مدائن"
    },
    {
        "name": "مدیریت"
    },
    {
        "name": "مرادآباد"
    },
    {
        "name": "مرزداران"
    },
    {
        "name": "مسعودیه"
    },
    {
        "name": "مسگرآباد"
    },
    {
        "name": "مشیریه"
    },
    {
        "name": "مشیریه"
    },
    {
        "name": "مطهری"
    },
    {
        "name": "مظاهری"
    },
    {
        "name": "مقدس اردبیلی- زعفرانیه"
    },
    {
        "name": "مقدم"
    },
    {
        "name": "ملاصدرا"
    },
    {
        "name": "ملک آباد"
    },
    {
        "name": "منصوریه منگل"
    },
    {
        "name": "منظریه"
    },
    {
        "name": "منیریه"
    },
    {
        "name": "مولوی"
    },
    {
        "name": "مهرآباد"
    },
    {
        "name": "مهران"
    },
    {
        "name": "میدان امام خمینی"
    },
    {
        "name": "میدان جهاد"
    },
    {
        "name": "میدان حر"
    },
    {
        "name": "میدان ولیعصر"
    },
    {
        "name": "میرداماد"
    },
    {
        "name": "مینا"
    },
    {
        "name": "مینایی"
    },
    {
        "name": "مینی سیتی"
    },
    {
        "name": "نارمک"
    },
    {
        "name": "نازی آباد"
    },
    {
        "name": "ناصر خسرو"
    },
    {
        "name": "نبرد"
    },
    {
        "name": "نبی اکرم"
    },
    {
        "name": "نجات اللهی"
    },
    {
        "name": "نصرت"
    },
    {
        "name": "نظام آباد"
    },
    {
        "name": "نظامی گنجوی (توانیر)"
    },
    {
        "name": "نعمت آباد"
    },
    {
        "name": "نواب"
    },
    {
        "name": "نوبنیاد"
    },
    {
        "name": "نوروز آباد"
    },
    {
        "name": "نیاوران"
    },
    {
        "name": "نیروی هوایی"
    },
    {
        "name": "نیکنام"
    },
    {
        "name": "نیلوفر - شهید قندی"
    },
    {
        "name": "وحیدیه"
    },
    {
        "name": "وردآورد"
    },
    {
        "name": "وصفنارد"
    },
    {
        "name": "ولنجک"
    },
    {
        "name": "ولی آباد"
    },
    {
        "name": "ونک"
    },
    {
        "name": "ویلا شهر"
    },
    {
        "name": "هاشم آباد"
    },
    {
        "name": "هاشمی - دامپزشکی"
    },
    {
        "name": "هروی"
    },
    {
        "name": "هزارسنگ"
    },
    {
        "name": "هفت تیر"
    },
    {
        "name": "هفت چنار"
    },
    {
        "name": "هفت حوض"
    },
    {
        "name": "هفده شهریور"
    },
    {
        "name": "هلال احمر - فدک"
    },
    {
        "name": "همایون شهر - دریان نو"
    },
    {
        "name": "هوا نیروز"
    },
    {
        "name": "یاخچی آباد - رضوان"
    },
    {
        "name": "یافت آباد"
    },
    {
        "name": "یوسف اباد"
    }
]
